index,date,year,month,day,text,multi_labels,hier_label
0,2020-01-01 00:32:53,2020,1,1,"Трамп вновь пригрозил последствиями Ирану, если кто-то из американцев в Ираке пострадает от нападений: «Иран понесет полную ответственность за гибель людей или ущерб, причиненный какому-либо из наших объектов. Они заплатят очень большую цену! Это не предупреждение, а угроза. Счастливого нового года!»

Ранее протестующие проникли за внешний периметр ограды посольства США в Багдаде. США обвинили в нападении власти Ирана, Тегеран это отрицает.","['Международные отношения', 'Политика', 'Происшествия']","['Международные отношения', 'Конфликты']"
1,2020-01-01 00:54:16,2020,1,1,"Ким Чен Ын пообещал скоро представить новое стратегическое оружие КНДР и заявил, что будет продолжать разработку стратегического оружия, пока враждебная политика США не будет устранена","['Международные отношения', 'Политика', 'Вооружение']","['Международные отношения', 'Политика']"
2,2020-01-01 12:44:25,2020,1,1,"В России почти 6,5 миллиона человек встретили Новый год, участвуя в праздничных мероприятиях, сообщило МВД РФ. Нарушений правопорядка не допущено. В МВД добавили, что общественный порядок охраняли около 67,4 тысячи полицейских.","['Общество', 'Региональные новости', 'Политика']","['Общество', 'Праздники']"
3,2020-01-01 12:55:30,2020,1,1,"Столкновения произошли в Гонконге во время согласованной акции, полиция применила слезоточивый газ для разгона протестующих, сообщает газета South China Morning Post.","['Международные отношения', 'Происшествия', 'Политика']","['Международные отношения', 'Протесты']"
4,2020-01-01 15:20:14,2020,1,1,"Папа Римский Франциск извинился за то, что накануне отшлепал по руке одну не в меру активную паломницу.

Во вторник вечером женщина не на шутку рассердила папу Франциска, который вышел на площадь Святого Петра в Ватикане, чтобы полюбоваться установленными там под елью рождественскими яслями и поприветствовать верующих. Понтифик по обычаю пожимал присутствующим руки и уже собирался вернуться в папские покои, когда паломница неожиданно схватила его за правую руку и бесцеремонно потянула ее к себе.

","['Международные отношения', 'Религия', 'Общество']","['Международные отношения', 'Религия']"
5,2020-01-01 15:45:51,2020,1,1,"Более 75,5 тысяч пассажиров встретили Новый год в поездах дальнего следования, сообщила ""Федеральная пассажирская компания""","['Транспорт', 'Общество', 'Региональные новости']","['Транспорт', 'Ж/Д']"
6,2020-01-01 17:12:14,2020,1,1,"В России в ночь на 1 января , сообщает «Столото». Теперь счастливчика ждут для оформления выигрыша. Пока известно лишь то, что билет был куплен в Москве.","['Экономика', 'Региональные новости', 'Общество']","['Экономика', 'Бизнес']"
7,2020-01-01 19:38:39,2020,1,1,"Украинские силовики заявили, что в новом году , ранен военный.

Несмотря на то что ""нормандские лидеры"" призывали до конца 2019 года обеспечить прекращение огня.","['Политика', 'Международные отношения', 'Общество']","['Политика', 'Внутренняя политика']"
8,2020-01-02 00:51:53,2020,1,2,"Экс-глава Национальной баскетбольной ассоциации Дэвид Стерн скончался в среду в возрасте 77 лет.

Спортивный менеджер встал у руля NBA в 1984 году и возглавлял ее три десятка лет, сделав одной из самых богатых спортивных лиг в мире - третьей в Северной Америке после NFL (американский футбол) и MLB (бейсбол). В декабре Стерн был госпитализирован из-за кровоизлияния в мозг.","['Спорт', 'Международные отношения', 'Общество']","['Спорт', 'Баскетбол']"
9,2020-01-02 03:52:11,2020,1,2,"МЧС хочет  из зон чрезвычайных ситуаций при соответствующем решении властей.

В законопроекте, в частности, предусмотрены ""возможность принудительной эвакуации населения из зон ЧС"" и ""введение ответственности за несвоевременное представление информации о ЧС"".","['Политика', 'Законодательство', 'Общество']","['Политика', 'Законодательство']"
10,2020-01-02 16:59:24,2020,1,2,"Молодежная сборная России по хоккею обыграла команду Швейцарии и вышла в полуфинал чемпионата мира, который проходит в Чехии","['Спорт', 'Региональные новости', 'Международные отношения']","['Спорт', 'Хоккей']"
11,2020-01-02 22:19:18,2020,1,2,"❗️Военный самолет Ан-12 разбился на западе Судана, погибли 15 человек. По предварительным данным, на борту были местные чиновники.

UPD Есть данные, что среди погибших трое местных судей и сотрудник Всемирной продовольственной организации ООН.

Суданские власти подтвердили гибель 11 человек.","['Происшествия', 'Международные отношения']","['Происшествия', 'Авиакатастрофы']"
12,2020-01-02 22:36:29,2020,1,2,"Формирующие правительство Испании социалисты согласились начать переговоры по Каталонии, итоги которых вынесут на голосование граждан.

Это часть сделки социалистов с каталонскими левыми республиканцами, требующими независимости региона. Республиканцы со своей стороны согласились не мешать утверждению Санчеса - лидера социалистов - на пост премьера Испании (голосование ожидается в ближайшие дни). Их голоса - всё, что отделяло Санчеса от премьерского кресла.

Попытку каталонцев проголосовать по статусу региона в 2017 году конституционный суд Испании счел незаконной.","['Политика', 'Международные отношения']","['Политика', 'Внутренняя политика']"
13,2020-01-02 23:12:56,2020,1,2,"Греция, Израиль и Кипр подписали соглашение о , по которой  будут качать .

Ожидается, что газопровод заработает в 2024-2025. Проектная мощность – 10 млрд кубов в год, но может вырасти до 20 млрд.

От морских месторождений труба пойдет на Кипр, потом Крит и материковая Греция, а оттуда – через Италию и Болгарию дальше в Европу. В поддержку проекта ранее высказались США.

Форсировать проект предложил Нетаньяху, после того как Турция подписала с триполийским правительством Ливии соглашение о разграничении морских зон. Греция считает, что это соглашение нарушает ее права.","['Экономика', 'Международные отношения', 'Энергетика']","['Экономика', 'Энергетика']"
14,2020-01-03 01:28:02,2020,1,3,"❗️Ракеты взрываются у международного аэропорта Багдада, звучит сигнал тревоги.

UPD Аэропорт закрыт, полеты остановлены. Наш источник сообщает, что ракеты приземлились у военных объектов Ирака и международной коалиции возле аэропорта.

Есть жертвы. Пострадали 12 иракских военных.

Связано ли это как-то с недавней атакой на американское посольство - пока неясно.","['Происшествия', 'Международные отношения', 'Политика']","['Происшествия', 'Теракты']"
15,2020-01-03 02:10:59,2020,1,3,"Местное ТВ публикует видео с места ракетной атаки у багдадского аэропорта. Сообщается, что одна из запущенных ракет попала в гражданский внедорожник, машина сгорела, водитель погиб.","['Происшествия', 'Международные отношения']","['Происшествия', 'Теракты']"
16,2020-01-03 03:45:55,2020,1,3,"Россия добыла по итогам 2019 года  560,2 млн тонн .

Это 11,246 млн баррелей в сутки. На графике Блумберг видно, что до  (11,416 млн, голубой пунктир) осталось совсем немного.

Рост шел, несмотря на участие России в сделке ОПЕК+, которая предусматривает сокращение добычи.","['Экономика', 'Региональные новости', 'Энергетика']","['Экономика', 'Энергетика']"
17,2020-01-03 04:09:11,2020,1,3,"⚡️Глава спецподразделения ""Кудс"" иранского Корпуса стражей исламской революции при ударах по Багдаду - ""Аль-Арабия"" и Sky News","['Международные отношения', 'Политика', 'Происшествия']","['Международные отношения', 'Конфликты']"
18,2020-01-03 04:18:57,2020,1,3,"❗️, в которых - по первым данным - погибли иранский генерал Сулеймани и лидеры штурмовавшего посольство ополчения","['Международные отношения', 'Политика', 'Происшествия']","['Международные отношения', 'Конфликты']"
19,2020-01-03 04:34:17,2020,1,3,"Местные СМИ публикуют фото с места , в одной из них погиб иранский генерал Сулеймани.","['Происшествия', 'Международные отношения', 'Политика']","['Происшествия', 'Теракты']"
20,2020-01-03 04:43:51,2020,1,3,❗️Замглавы иракского шиитского ополчения Абу Махди аль-Мухандис убит при американских ракетных ударах в Багдаде. Именно его Помпео обвинил в нападении на американское посольство.,"['Международные отношения', 'Политика', 'Происшествия']","['Международные отношения', 'Конфликты']"
21,2020-01-03 05:28:36,2020,1,3,"Иракские силовики взяли в кольцо ""зеленую зону"" Багдада, где расположено посольство США, чтобы после убийства иранского генерала и шиитского лидера защитить его от возможных провокаций","['Международные отношения', 'Политика', 'Безопасность']","['Международные отношения', 'Безопасность']"
22,2020-01-03 05:31:11,2020,1,3,"Американский предупреждает, что убийством ""второго человека в иранской власти"" генерала Сулеймани","['Международные отношения', 'Политика', 'Происшествия']","['Международные отношения', 'Конфликты']"
23,2020-01-03 05:34:40,2020,1,3,⚡️гибель главы спецподразделения КСИР генерала Сулеймани,"['Международные отношения', 'Политика', 'Происшествия']","['Международные отношения', 'Конфликты']"
24,2020-01-03 05:37:13,2020,1,3,"Первый твит Трампа после убийства иранского генерала Сулеймани. До этого Трамп молчал 12 часов.

Для него это нехарактерно, и в прошлом такое молчание совпадало с военными операциями за рубежом и необъявленными визитами Трампа в горячие точки.","['Политика', 'Международные отношения']","['Политика', 'Внутренняя политика']"
25,2020-01-03 05:54:08,2020,1,3,"

- удар по Сулеймани нанесли по распоряжению Трампа;

- атака была призвана предотвратить нападения со стороны Ирана;

- США предпримут все необходимые дальнейшие действия для защиты своих интересов.","['Политика', 'Международные отношения', 'Безопасность']","['Международные отношения', 'Безопасность']"
26,2020-01-03 06:15:37,2020,1,3,Нефть после убийства американскими военными иранского генерала Сулеймани взлетела на 4%,"['Экономика', 'Международные отношения', 'Энергетика']","['Экономика', 'Энергетика']"
27,2020-01-03 06:26:30,2020,1,3,❗️Вооруженные силы США приведены в повышенную боеготовность после убийства иранского генерала Сулеймани,"['Международные отношения', 'Политика', 'Безопасность']","['Международные отношения', 'Безопасность']"
28,2020-01-03 07:38:32,2020,1,3,"- генерал возглавлял спецподразделение ""Кудс"" корпуса стражей революции, отвечал за военные операции за рубежом;

- на Западе его многие считали вторым человеком в Иране и организатором проиранской активности в соседних странах;

- генерал погиб в Багдаде с лидерами местного шиитского ополчения, когда американская ракета ударила в их машину;

- США подтвердили, что удар нанесли по приказу Трампа в ответ на штурм американского посольства в Ираке, в организации которого Вашингтон винит Сулеймани и ополчение;

- Трамп не сделал заявлений, только запостил флаг США;

- Иран грозит местью, созван совбез, в Вашингтоне большинство поддерживает решение Трампа;

- вооруженные силы США приведены в повышенную боеготовность, дипломатичекий квартал в Багдаде оцеплен;

- нефть взлетела на 3-4%.","['Международные отношения', 'Политика', 'Происшествия']","['Международные отношения', 'Конфликты']"
29,2020-01-03 08:10:31,2020,1,3,❗️Верховный лидер Ирана пообещал США месть за убийство генерала Сулеймани,"['Международные отношения', 'Политика', 'Происшествия']","['Международные отношения', 'Конфликты']"
30,2020-01-03 08:23:13,2020,1,3,"Спикер палаты представителей США Пелоси заявила, что убийство американцами иранского генерала Сулеймани грозит опасной эскалацией и что США не должны позволять себе ""провокационных и непропорциональных действий"".

При этом она потребовала проинформировать конгресс о ситуации в целом и о том, направят ли США значительные дополнительные силы в регион.","['Политика', 'Международные отношения', 'Общество']","['Политика', 'Внутренняя политика']"
31,2020-01-03 10:46:19,2020,1,3,"Москва рассматривает убийство главы спецподразделения ""Кудс"" иранского Корпуса стражей исламской революции Касема Сулеймани в результате удара США  как авантюрный шаг, который приведёт к росту напряженности во всем регионе, заявили в МИД РФ.

МИД РФ выразил искренние соболезнования иранскому народу в связи с убийством Сулеймани.","['Международные отношения', 'Политика', 'Происшествия']","['Международные отношения', 'Конфликты']"
32,2020-01-03 11:39:36,2020,1,3,Госдеп США призвал американцев немедленно покинуть Ирак в связи с напряженностью в стране,"['Международные отношения', 'Политика']","['Международные отношения', 'Политика']"
33,2020-01-03 13:12:58,2020,1,3,"Крупнейшие блоки в парламенте Ирака ""Саирун"" и ""аль-Фатх"" призвали принять закон о выводе иностранных войск с территории страны","['Международные отношения', 'Политика']","['Международные отношения', 'Политика']"
34,2020-01-03 13:51:03,2020,1,3,"МИД РФ о возможности созыва СБ ООН после убийства Сулеймани: формат еще прорабатывается, но в пятницу эта тема будет обсуждаться в ООН","['Международные отношения', 'Политика']","['Международные отношения', 'Политика']"
35,2020-01-03 14:02:58,2020,1,3,"Власти Ирана заявили, что ответят США на убийство генерала Сулеймани в ближайшее время","['Международные отношения', 'Политика']","['Международные отношения', 'Политика']"
36,2020-01-03 14:18:23,2020,1,3,"Верховный лидер Ирана назначил бригадного генерала Эсмаила Каани командующим спецподразделения ""Кудс"" КСИР Ирана после гибели генерала Сулеймани в результате ударов США. 

Каани прошел ирано-иракскую войну, а до нового назначения являлся заместителем погибшего высокопоставленного военного, вместе с ним работал на Ближнем Востоке.","['Международные отношения', 'Политика']","['Международные отношения', 'Политика']"
37,2020-01-03 14:53:24,2020,1,3,"Представитель главнокомандующего ВС Ирака заявил, что власти страны не были в курсе готовящегося авиаудара США, иракская армия готова к любым его последствиям","['Международные отношения', 'Политика', 'Безопасность']","['Международные отношения', 'Безопасность']"
38,2020-01-03 15:36:23,2020,1,3,Помпео заявил что США готовы к возможному ответу Ирана на убийство Сулеймани,"['Международные отношения', 'Политика']","['Международные отношения', 'Политика']"
39,2020-01-03 15:50:02,2020,1,3,"Недальновидные шаги США, выразившиеся в убийстве генерала Сулеймани, ведут к резкой эскалации военно-политической обстановки в ближневосточном регионе и серьёзным негативным последствиям для всей системы международной безопасности, заявили в МО РФ.","['Международные отношения', 'Политика', 'Безопасность']","['Международные отношения', 'Безопасность']"
40,2020-01-03 16:58:42,2020,1,3,"Трамп заявил, что уничтоженный США иранский генерал Сулеймани был причастен к убийствам и ранениям ""тысяч американцев""","['Политика', 'Международные отношения']","['Политика', 'Внутренняя политика']"
41,2020-01-03 17:18:13,2020,1,3,"Путин и Макрон в ходе телефонного разговора высказали озабоченность в связи с гибелью генерала Сулеймани в результате ракетного удара США.

Президенты отметили, что эта акция может серьезно обострить ситуацию в регионе.","['Международные отношения', 'Политика', 'Безопасность']","['Международные отношения', 'Безопасность']"
42,2020-01-03 18:26:51,2020,1,3,"Высший совет национальной безопасности Ирана после экстренного заседания назвал убийство генерала КСИР Сулеймани крупнейшей стратегической ошибкой США.

 Тегеран пригрозил Вашингтону последствиями, пообещав отомстить ""в нужное время в нужном месте"".","['Международные отношения', 'Политика', 'Происшествия']","['Международные отношения', 'Конфликты']"
43,2020-01-03 20:38:19,2020,1,3,"Глава МИД РФ Сергей Лавров и госсекретарь США Майкл Помпео обсудили убийство Сулеймани. 

Как отметил МИД РФ, Лавров заявил Помпео, что акции по устранению официальных лиц суверенного государства нарушают международное право, настоятельно призвал США отказаться от незаконных силовых методов достижения своих целей на международной арене и отметил, что Москва призывает Вашингтон решать любые проблемы за столом переговоров.

Госдеп США в свою очередь сообщил, что  Помпео обсудил с Лавровым решение Трампа  «предпринять решительные оборонительные действия для защиты американского персонала за рубежом, убив Касема Сулеймани в ответ на неминуемую угрозу жизни американцев».","['Международные отношения', 'Политика']","['Международные отношения', 'Политика']"
44,2020-01-03 21:00:56,2020,1,3,США отправят дополнительно 3000 военнослужащих на Ближний Восток после убийства Сулеймани,"['Международные отношения', 'Политика', 'Безопасность']","['Международные отношения', 'Безопасность']"
45,2020-01-03 21:35:42,2020,1,3,Глава МИД Ирана в разговоре с генсеком ООН назвал убийство генерала КСИР Сулеймани террористическим актом со стороны США,"['Международные отношения', 'Политика', 'Терроризм']","['Международные отношения', 'Терроризм']"
46,2020-01-03 23:17:56,2020,1,3,"Трамп заявил, что Сулеймани надо было давно ликвидировать, это спасло бы многие жизни

Кроме того американский лидер назвал иранского генерала террористом номер один в мире и обвинил в подготовке нападений на американских дипломатов и военных.","['Политика', 'Международные отношения']","['Политика', 'Внутренняя политика']"
47,2020-01-04 02:21:38,2020,1,4,Авиаудар нанесен по автоколонне шиитского ополчения на севере Багдада,"['Происшествия', 'Международные отношения']","['Происшествия', 'Теракты']"
48,2020-01-04 10:06:25,2020,1,4,Армия Ирака отрицает факт авиаудара в районе эль-Таджи к северу от Багдада,"['Происшествия', 'Международные отношения']","['Происшествия', 'Теракты']"
49,2020-01-04 11:40:37,2020,1,4,"Российское правительство планирует в 2020 году разработать 230 законопроектов. 

Они касаются, в частности, создания условий для экономического роста, совершенствования контрольно-надзорной деятельности, развития институтов социальной сферы и повышения качества жизни.","['Экономика', 'Региональные новости', 'Законодательство']","['Экономика', 'Законодательство']"
50,2020-01-04 14:19:16,2020,1,4,"Глава МИД Ирана после после гибели генерала КСИР Сулеймани в Ираке заявил, что Тегеран не хочет напряжённости в регионе","['Международные отношения', 'Политика', 'Общество']","['Международные отношения', 'Политика']"
51,2020-01-04 14:28:33,2020,1,4,"Медведев и Румас обсудили по телефону ряд актуальных вопросов взаимодействия РФ и Белоруссии, включая сотрудничество в области энергетики","['Политика', 'Экономика', 'Международные отношения']","['Политика', 'Внутренняя политика']"
52,2020-01-04 14:59:16,2020,1,4,"Белоруссия оформляет документы с российской компанией на прокачку первой партии нефти, закупаемой по цене без премии, сообщил Белнефтехим.

В компании отметили, что объемы нефти, ожидающейся к поставке в Белоруссию из РФ, и накопленные ресурсы позволят обеспечить работу НПЗ без остановки в январе 2020 года.","['Экономика', 'Международные отношения']","['Экономика', 'Энергетика']"
53,2020-01-04 18:31:24,2020,1,4,Президент Ирана Рухани заявил Эрдогану о необходимости сплоченно выступить против США: в противном случае они станут действовать более дерзко,"['Международные отношения', 'Политика', 'Общество']","['Международные отношения', 'Политика']"
54,2020-01-04 18:41:39,2020,1,4,"Замглавы Белнефтехима заявил, что прокачка российской нефти на НПЗ Белоруссии возобновлена, до конца суток будет прокачано 6 тысяч тонн нефти.

Замглавы ""Белнефтехима"" заявил, что Белоруссия планирует к концу января возобновить экспорт нефтепродуктов.","['Экономика', 'Международные отношения']","['Экономика', 'Энергетика']"
55,2020-01-04 19:29:03,2020,1,4,"Замглавы ""Белнефтехима"" рассчитывает на поставку в Белоруссию из РФ в январе 650 тысяч тонн нефти, первая партия составит 100-130 тысяч тонн","['Экономика', 'Международные отношения']","['Экономика', 'Энергетика']"
56,2020-01-04 20:04:55,2020,1,4,"Ракета взорвалась в центре зеленой зоны в Багдаде, данных о пострадавших нет - источник в органах безопасности Ирака РИА Новости","['Происшествия', 'Международные отношения', 'Политика']","['Происшествия', 'Теракты']"
57,2020-01-04 20:29:38,2020,1,4,"Военно-воздушная база ""Балад"", которую использовали американские военные на севере Багдада, подверглась в субботу ракетному обстрелу, сообщил арабский спутниковый телеканал ""Аль-Арабия"". 

Сообщается, что на территории базы взорвались две ракеты типа ""Катюша"".","['Происшествия', 'Международные отношения', 'Политика']","['Происшествия', 'Теракты']"
58,2020-01-04 20:45:02,2020,1,4,"Пять человек пострадали при минометном обстреле района Аль-Джадирия в Багдаде, где располагаются различные министерства","['Происшествия', 'Международные отношения', 'Политика']","['Происшествия', 'Теракты']"
59,2020-01-04 21:37:09,2020,1,4,"В Нью-Йорке на площади Таймс-сквер на фоне недавнего убийства американскими военными иранского генерала Касема Сулеймани прошло шествие против войн, в которых участвуют США. Среди транспарантов и знамен общественных организаций можно было разглядеть флаги Ирана и портреты Сулеймани.

Видео корреспондента РИА Новости","['Общество', 'Международные отношения', 'Политика']","['Общество', 'Акции протеста']"
60,2020-01-04 23:52:54,2020,1,4,"Сборные России и Канады сыграют в воскресенье в финале молодежного чемпионата мира по хоккею, который проходит в эти дни в Чехии. Канадцы в субботу в полуфинале обыграли действующих чемпионов - финнов (5:0), а российские хоккеисты вышли в финал, обыграв в овертайме шведов (5:4).","['Спорт', 'Региональные новости', 'Международные отношения']","['Спорт', 'Хоккей']"
61,2020-01-05 03:58:10,2020,1,5,"Тунца весом 276 кг продали на первом в этом году аукционе в Токио за , эта рыба стала второй по дороговизне в XXI веке. ""Чемпионом"" остается прошлогодний тунец весом 278 кг и проданный на торгах за $3,1 млн.

По первому в году аукциону тунца определяют ""направление ветра"" в экономике Японии, и высокая цена на тунца считается хорошим знаком. Фото сети ресторанов суси ""Суси Дзаммай"" компании-оператора Kiyomura, которая и стала обладателем тунца.","['Экономика', 'Международные отношения']","['Экономика', 'Бизнес']"
62,2020-01-05 06:47:47,2020,1,5,"Около 30 машин рыбаков частично провалились под лед на острове Русском во Владивостоке. В региональном главке МЧС сообщили, что пострадавших нет, кто-то смог выбраться сам, кому-то вытащить машину помогают спасатели.

Видео в соцсетях публикуют очевидцы","['Происшествия', 'Региональные новости']","['Происшествия', 'ЧП']"
63,2020-01-05 08:42:50,2020,1,5,"Тело генерала Касема Сулеймани, погибшего в результате спецоперации США в Ираке, доставили в Иран. Иранское телевидение передает кадры из Ахваза, где проститься с генералом собрались, по данным СМИ, миллионы человек. Они держат портреты генерала, обещая отомстить США за его гибель. Далее прощаться с генералом будут в Мешхеде, в Тегеране, а похоронят его 7 января в Кермане, откуда он родом.","['Международные отношения', 'Политика', 'Общество']","['Международные отношения', 'Политика']"
64,2020-01-05 09:59:48,2020,1,5,"Уровень воды в реках на севере Красноярского края поднялся из-за аномального тепла - сейчас там около +7.

До критического уровня воды в реках у поселков Абалаково и Стрелка остается около метра, подтопленных домов и участков нет. Фото и видео МЧС Красноярского края.","['Региональные новости', 'Общество', 'Происшествия']","['Региональные новости', 'Происшествия']"
65,2020-01-05 12:51:00,2020,1,5,"Около 20 многоквартирных домов, где живут более 3,5 тыс человек, остались без отопления в Саратове из-за дефекта на теплосетях.

Как сообщает областной главк МЧС, ремонтировать трубопровод будут до утра понедельника. Сейчас в Саратове +1.","['Региональные новости', 'Происшествия', 'Общество']","['Региональные новости', 'Происшествия']"
66,2020-01-05 13:41:24,2020,1,5,"❗️ЕС пригласил главу МИД Ирана в Брюссель, выразил озабоченность в связи с убийством генерала Сулеймани","['Международные отношения', 'Политика']","['Международные отношения', 'Политика']"
67,2020-01-05 14:54:23,2020,1,5,"Гибель генерала Сулеймани не отразится на взаимодействии Ирана и России по Сирии, сотрудничество при новом командующем спецподразделением КСИР продолжится, заявили в МИД Ирана","['Международные отношения', 'Политика', 'Безопасность']","['Международные отношения', 'Безопасность']"
68,2020-01-05 16:26:57,2020,1,5,", заявил официальный представитель иранского МИД Аббас Мусави.

Тегеран не хочет войны с Вашингтоном, но готов к любой ситуации, добавил он.","['Международные отношения', 'Политика', 'Общество']","['Международные отношения', 'Политика']"
69,2020-01-05 16:38:18,2020,1,5,"Премьер Ирака потребует у парламента вывода американских военных, сообщает телеканал ""Аль-Арабия"" со ссылкой на иракские источники","['Международные отношения', 'Политика']","['Международные отношения', 'Политика']"
70,2020-01-05 17:07:01,2020,1,5,"Акция в память о генерале Сулеймани прошла у посольства Ирана в Москве. Иранские студенты, обучающиеся в российских вузах, почтили память генерала и возложили цветы у посольства.","['Общество', 'Международные отношения', 'Религия']","['Общество', 'Акции протеста']"
71,2020-01-05 17:26:36,2020,1,5,"Прощание с хирургом-онкологом Андреем Павленко, скончавшимся от рака, пройдет в Спасо-Преображенском соборе Петербурга в понедельник, похоронят его на Киновеевском кладбище.

Павленко работал онкологом в клинике высоких медицинских технологий имени Пирогова. После того, как в 2018 году у него был диагностирован рак желудка, он продолжал оперировать и консультировать пациентов, а также публично рассказывал о своей борьбе с заболеванием. Сегодня супруга Павленко сообщила о его смерти.","['Общество', 'Здравоохранение', 'Региональные новости']","['Общество', 'Здравоохранение']"
72,2020-01-05 18:41:42,2020,1,5,"Российские лыжники Александр Большунов и Сергей Устюгов заняли два первых места в общем зачете престижной многодневной гонки ""Тур де Ски"".

В женских соревнованиях россиянка Наталья Непряева стала второй.","['Спорт', 'Региональные новости']","['Спорт', 'Лыжные гонки']"
73,2020-01-05 20:59:06,2020,1,5,"❗️Иран объявил об в рамках ядерной сделки. Они касались числа центрифуг.

Но готов вернуться к выполнению обязательств, если будут сняты санкции.","['Международные отношения', 'Политика', 'Экономика']","['Международные отношения', 'Политика']"
74,2020-01-05 21:09:25,2020,1,5,"❗️Венесуэльский парламент лишил Гуаидо поста своего председателя, на его место избран провластный депутат Луис Парра. В зале заседаний потасовка.

Ранее Гуаидо заявил, что временно принимает на себя президентские полномочия, именно на том основании, что он спикер парламента.","['Политика', 'Международные отношения', 'Общество']","['Политика', 'Внутренняя политика']"
75,2020-01-05 22:49:43,2020,1,5,"❗️""Зеленая зона"" в центре Багдада вторую ночь подряд подвергается обстрелу. Сообщается, что цель атак - американское посольство","['Происшествия', 'Международные отношения', 'Политика']","['Происшествия', 'Теракты']"
76,2020-01-05 23:42:56,2020,1,5,"Сборная России по хоккею завоевала серебряные медали молодежного чемпионата мира, уступив в финале команде Канады со счетом 3:4.

По ходу золотого матча россияне выигрывали 3:1 в середине третьего периода, однако в последние 10 с небольшим минут пропустили три шайбы.","['Спорт', 'Международные отношения', 'Региональные новости']","['Спорт', 'Хоккей']"
77,2020-01-06 00:34:20,2020,1,6,"Иранские ракетные силы приведены в повышенную боеготовность, сообщают в Вашингтоне. Сделано ли это для защиты или для подготовки к удару - пока неясно.","['Международные отношения', 'Политика', 'Безопасность']","['Международные отношения', 'Безопасность']"
78,2020-01-06 02:32:29,2020,1,6,"После того как Гуаидо не переизбрали спикером венесуэльского парламента, он собрал собственное заседание. Там соратники постановили, что спикер - все равно он.","['Политика', 'Международные отношения', 'Общество']","['Политика', 'Внутренняя политика']"
79,2020-01-06 04:13:04,2020,1,6,"Меркель, Макрон и Джонсон вновь призвали сохранить ядерную сделку, от последних обязательств по которой отказался сегодня Иран (три страны выступают ее гарантами).

Ирак три лидера призвали не отказываться от сотрудничества с антитеррористической коалицией.

Они также заявили, что были обеспокоены негативной ролью генерала Сулеймани в регионе. Несколькими днями ранее Германия уже высказывалась критически о действиях Сулеймани, немецкому поверенному после этого пришлось объясняться в иранском МИД.

Весь день европейские лидеры провели в переговорах друг с другом и с коллегами в США и на Ближнем Востоке. Кроме того, на понедельник созван руководящий орган НАТО - Североатлантический совет.","['Международные отношения', 'Политика']","['Международные отношения', 'Политика']"
80,2020-01-06 04:50:14,2020,1,6," заявил, что вполне имеет право нанести иранскому.

Накануне он уже делал аналогичное заявление. После массовой критики и напоминаний, что это незаконно, Помпео сказал, что США будут ""действовать по закону"". Но Трамп стоит на своем.

Среди культурных объектов Ирана около 20 имеют высшую ценность и включены во Всемирное наследие, среди них памятники древних персидских империй, блистательный Мраморный дворец в Тегеране и мечеть в Исфахане (на фото).

Самым громким случаем уничтожения культурного наследия до сих пор был взрыв Бамианских статуй Будды талибами в Афганистане (2001). США тогда резко протестовали.","['Международные отношения', 'Политика', 'Культура']","['Международные отношения', 'Культура']"
81,2020-01-06 07:10:41,2020,1,6,"драма - ""1917""

комедия - ""Однажды в... Голливуде""

режиссер - Сэм Мендес (""1917"")

сценарий - Тарантино (""Однажды в... Голливуде"")

иностранный фильм - ""Паразиты"" (Южная Корея)

анимация - ""Потерянное звено""

драматический сериал - ""Наследники"" (Succession)

комедийный сериал - ""Дрянь"" (Fleabag)

мини-сериал - ""Чернобыль""

драматический актер - Хоакин Феникс  (""Джокер"")

комедийный актер - Тэрон Эджертон (""Рокетмен"")

актер второго плана - Брэд Питт (""Однажды в... Голливуде"")

драматическая актриса - Рене Зеллвегер (""Джуди"")

комедийная актриса - Awkwafina (""Прощание"")

драматическая актриса (сериал) - Оливия Колман (""Корона"")

актриса второго плана - Лора Дерн (""Брачная история"")","['Культура', 'Международные отношения', 'Кино']","['Культура', 'Кино']"
82,2020-01-06 07:34:12,2020,1,6,Палата представителей США намерена на этой неделе принять решение об ограничении военных полномочийТрампа по Ирану. Документ запретит ему воевать без санкции конгресса.,"['Политика', 'Законодательство']","['Политика', 'Внутренняя политика']"
83,2020-01-06 08:52:12,2020,1,6,", убитым в результате спецоперации США.

В центре Тегерана собрались сотни тысяч человек, облаченных в цвета траура. Они несут портреты погибшего, флаги Ирана, в громкоговорителе раздаются траурные стихи и антиамериканские лозунги.

Фото и видео корреспондента РИА Новости","['Общество', 'Региональные новости', 'Политика']","['Общество', 'Акции протеста']"
84,2020-01-06 10:22:24,2020,1,6,"Военные авантюры США ведут к эскалации ситуации на Ближнем Востоке, Китай призывает США не злоупотреблять военной силой, заявил МИД КНР","['Международные отношения', 'Политика']","['Международные отношения', 'Политика']"
85,2020-01-06 11:02:32,2020,1,6,"Два человека погибли, еще семь получили травмы в результате столкновения автобуса и грузовика на трассе в Тюменской области, сообщает ГИБДД","['Происшествия', 'Транспорт', 'Региональные новости']","['Происшествия', 'ДТП']"
86,2020-01-06 13:07:42,2020,1,6,"Путин и Меркель планируют обсудить в Москве 11 января эскалацию напряженности на Ближнем Востоке в результате авиаудара США по аэропорту Багдада, сообщает Кремль.

Кроме того, лидеры рассмотрят вопросы урегулирования на Украине, ситуацию в Ливии и Сирии.","['Политика', 'Международные отношения']","['Политика', 'Внутренняя политика']"
87,2020-01-06 13:16:43,2020,1,6," страны, свидетельствуют данные со 100% участков.

У Милановича 1 млн 34 тысячи голосов избирателей, его соперник, действующий президент Колинда Грабар-Китарович получила 929 тыс голосов.  Она уже признала поражение.","['Политика', 'Региональные новости']","['Политика', 'Внутренняя политика']"
88,2020-01-06 15:33:06,2020,1,6,"СК расследует смерть сотрудника Роскосмоса и его брата.

По информации следствия, 5 января в квартире в Подмосковье обнаружены тела 36-летнего и 31-летнего братьев. Предварительно, между мужчинами произошел конфликт, в ходе которого младший брат застрелил старшего, а затем свел счеты с жизнью.

Ранее источник сообщил РИА Новости, что одним из погибших был сотрудник Роскосмоса Сергей Хайкин.","['Происшествия', 'Региональные новости']","['Происшествия', 'Убийства']"
89,2020-01-06 15:52:17,2020,1,6,"Шойгу обсудил по телефону с главой нацразведки Турции Фиданом Ближний Восток, Северную Африку и возможные совместные действия для снижения напряженности в регионе","['Международные отношения', 'Политика', 'Безопасность']","['Международные отношения', 'Политика']"
90,2020-01-06 17:29:49,2020,1,6,"Глава МИД Ирана Зариф заявил, что начался  в Западной Азии.

""Вы когда-нибудь видели такое море людей в своей жизни, Дональд Трамп? Вы все еще хотите слушать клоунов, которые дают вам советы по нашему региону?"" - написал Зариф в Twitter.
 
К своей записи в соцсети глава МИД прикрепил фото миллионной толпы людей, посетивших церемонию прощания с убитым генералом Сулеймани.","['Международные отношения', 'Политика']","['Международные отношения', 'Политика']"
91,2020-01-06 18:36:39,2020,1,6,"Правительство ОАЭ одобрило введение многократных туристических виз сроком на пять лет, сообщил премьер Мухаммед бен Рашид Аль Мактум.

В настоящее время туристы могут въезжать в Эмираты по бесплатной многократной визе, которая дается на срок до 90 дней.","['Международные отношения', 'Туризм', 'Общество']","['Международные отношения', 'Туризм']"
92,2020-01-06 18:45:14,2020,1,6,"Силы международно признанного правительства нацсогласия  заявили о захвате Ливийской национальной армией во главе с Хафтаром военной базы к югу от крупнейшего в стране города Сирт. 

Также сообщается о попытках прорваться к центру города.","['Международные отношения', 'Политика', 'Вооружение']","['Международные отношения', 'Конфликты']"
93,2020-01-06 19:13:29,2020,1,6,"Пираты напали на судно  и похитили трех членов экипажа, после чего в перестрелке убили четырех сотрудников спасательной группы ВМС страны, сообщают местные СМИ. 

Отмечается, что среди похищенных членов экипажа  и индус.","['Международные отношения', 'Происшествия', 'Преступность']","['Международные отношения', 'Преступность']"
94,2020-01-06 19:19:12,2020,1,6,"Советник лидера Ирана Велаяти пообещалв регионе.

«», - заявил он.","['Международные отношения', 'Политика']","['Международные отношения', 'Политика']"
95,2020-01-06 20:00:59,2020,1,6,"Решение об операции против иранского генерала Сулеймани Вашингтон принимал самостоятельно, без НАТО или коалиции по борьбе с ИГ, заявил Столтенберг","['Международные отношения', 'Политика', 'Безопасность']","['Международные отношения', 'Безопасность']"
96,2020-01-06 22:32:19,2020,1,6,"Дым от лесных пожаров в Австралии достиг берегов Южной Америки и закрыл небо почти над всеми южными и центральными городами Чили.

Изображение с облаком дыма со спутника публикует чилийская метеорологическая служба MeteoChile.","['Экология', 'Происшествия', 'Международные отношения']","['Экология', 'Катастрофы']"
97,2020-01-06 23:07:28,2020,1,6,"Силы коалиции во главе с США будут передислоцированы в ближайшее время из уважения к суверенитету Ирака, говорится в заявлении коалиции","['Международные отношения', 'Политика', 'Безопасность']","['Международные отношения', 'Политика']"
98,2020-01-07 00:01:24,2020,1,7,"Путин прибыл на рождественское богослужение в Спасо-Преображенский собор Санкт-Петербурга.

В Спасо-Преображенском соборе Путин уже встречал Рождество в 2019 году, а также в 2012 году, будучи премьер-министром. Тогда же президент рассказал журналистам, что в младенчестве был крещен в этом соборе.

Фото корреспондента РИА Новости.","['Религия', 'Общество', 'Региональные новости']","['Религия', 'Христианство']"
99,2020-01-07 00:05:18,2020,1,7,В свою очередь Медведев с женой Светланой приехали на рождественское богослужение в храм Христа Спасителя. Председатель правительства традиционно встречает Рождество в этом храме.,"['Религия', 'Общество', 'Региональные новости']","['Религия', 'Христианство']"
100,2020-01-07 04:54:18,2020,1,7,"США отказали в визе главе МИД Ирана Зарифу, намеревавшемуся приехать на СБ ООН 9 января.

Заседание стало бы первой возможностью для Зарифа напрямую обратиться к международному сообществу в связи с убийством генерала Касема Сулеймани.","['Международные отношения', 'Политика']","['Международные отношения', 'Политика']"
101,2020-01-07 07:25:04,2020,1,7,"Трое детей погибли, еще два человека пострадали в результате пожара в частном доме под Ярославлем.","['Происшествия', 'Региональные новости']","['Происшествия', 'Пожары']"
102,2020-01-07 09:18:17,2020,1,7,"Пентагон планирует направить на Ближний Восток дополнительно 200 военнослужащих и шесть бомбардировщиков B-52 на фоне напряженности с Ираном, сообщает газета Wall Street Journal со ссылкой на неназванных представителей военного ведомства","['Международные отношения', 'Политика', 'Безопасность']","['Международные отношения', 'Безопасность']"
103,2020-01-07 10:38:43,2020,1,7,"Парламент Ирана единогласно принял законопроект, согласно которому Армия США и Пентагон после убийства иранского генерала Касема Сулеймани в Ираке признаются террористическими организациями, сообщает агентство Tasnim","['Международные отношения', 'Политика', 'Терроризм']","['Международные отношения', 'Терроризм']"
104,2020-01-07 11:21:18,2020,1,7,"Крупный пожар произошел в Раменском районе Подмосковья: на площади 240 «квадратов» загорелся тепличный комплекс. В результате, по данным МЧС, погибли 6 человек, 1 госпитализирован. Представитель экстренных служб региона сообщил РИА Новости, что погибшие были гражданами Таджикистана. Фото от МЧС РФ.","['Происшествия', 'Региональные новости']","['Происшествия', 'Пожары']"
105,2020-01-07 12:41:03,2020,1,7,"Тридцать пять человек погибли, 48 пострадали в давке на церемонии прощания с генералом Сулеймани в иранском городе Кермане, сообщают местные СМИ","['Происшествия', 'Общество']","['Происшествия', 'ЧП']"
106,2020-01-07 13:27:27,2020,1,7,"Себастьян Курц во второй раз стал канцлером Австрии. Во вторник австрийский президент привел к присяге новый состав правительства. Первый кабмин, сформировавшийся в декабре 2017 года, развалился в мае 2019 на фоне скандала вокруг бывшего вице-канцлера Хайнца-Кристиана Штрахе.

В минувшую среду Австрийская народная партия (АНП) Курца договорилась о формировании правительственной коалиции с «Зелёными». Новый кабинет состоит из 17 членов: канцлера, вице-канцлера, 13 министров и двух госсекретарей.","['Политика', 'Международные отношения']","['Политика', 'Внутренняя политика']"
107,2020-01-07 15:24:27,2020,1,7,"Президент России Владимир Путин в ходе визита в Турцию 8 января примет участие в церемонии ввода в эксплуатацию газопровода ""Турецкий поток"" и обсудит с турецким коллегой Тайипом Эрдоганом ситуацию в Сирии и Ливии, сообщает пресс-служба Кремля","['Международные отношения', 'Экономика', 'Политика']","['Международные отношения', 'Экономика']"
108,2020-01-07 16:53:05,2020,1,7,"❗️Путин прибыл с визитом в Дамаск, сообщил пресс-секретарь президента РФ Дмитрий Песков","['Международные отношения', 'Политика']","['Международные отношения', 'Политика']"
109,2020-01-07 20:59:00,2020,1,7,"Путин во вторник вечером прибыл в Турцию, где в среду состоятся его переговоры с турецким коллегой Тайипом Эрдоганом, а также церемония ввода в эксплуатацию газопровода ""Турецкий поток""","['Международные отношения', 'Экономика', 'Политика']","['Международные отношения', 'Экономика']"
110,2020-01-07 21:37:13,2020,1,7,"Утверждение социалиста  на пост премьера  .

Постоянного правительства в стране не было с апреля. Премьерское кресло Санчес получил ценой  с каталонскими сторонниками незавимости. За это ему на заседании парламента как следует досталось от правых.","['Политика', 'Международные отношения']","['Политика', 'Внутренняя политика']"
111,2020-01-07 22:10:39,2020,1,7,"Утро вторника в Венесуэле было насыщенным. Парламент провел свое первое  нового спикера  - от провластной партии. Они решили создать комиссию по .

В какой-то момент в здание ворвались депутаты от оппозиции во главе с , которого на недавнем собрании в местной газете они определили собственным спикером. К этому моменту провластные депутаты уже завершили заседание - и оппозиционеры провели свое.

Они решили, что раз выбрали Гуаидо спикером парламента, он вполне имеет право быть и президентом - и . США ранее высказались в поддержку Гуаидо, а в Москве заявили, что это попытка создать иллюзию двоевластия.","['Политика', 'Международные отношения']","['Политика', 'Внутренняя политика']"
112,2020-01-07 22:58:09,2020,1,7,"Трамп: когда-нибудь США уйдут из Ирака, но не сейчас.

UPD Он также заявил, что все-таки не будет уничтожать , и пообещал подключить Россию к своим переговорам по .","['Международные отношения', 'Политика']","['Международные отношения', 'Политика']"
113,2020-01-07 23:15:06,2020,1,7,"❗️ по ситуации на Ближнем Востоке после убийства генерала Сулеймани:

.","['Международные отношения', 'Политика', 'Происшествия']","['Международные отношения', 'Конфликты']"
114,2020-01-08 02:02:17,2020,1,8,"Взгляды американцев на Иран сильно изменились:в ближайшие годы (в мае таких было только 51%), показал опрос после убийства Сулеймани.

При этом 27% одобряют превентивный удар по Ирану (в мае таких было 15%) и .

 по Ирану (еще в декабре таких было 44%), а 39% не поддерживают его категорически (в декабре 29%). В основном это демократы и независимые.","['Международные отношения', 'Политика', 'Общество']","['Международные отношения', 'Политика']"
115,2020-01-08 02:15:11,2020,1,8,"❗️Американская военная база ""Аль-Асад"" на западе Ирака подверглась ракетной атаке - Sky News

UPD США подтвердили ракетный удар по своей авиабазе в Ираке","['Происшествия', 'Международные отношения', 'Политика']","['Происшествия', 'Теракты']"
116,2020-01-08 02:29:21,2020,1,8,"⚡️Иранский корпус стражей революции заявил, что ракетный удар по американской авиабазе в Ираке нанес он - Press TV

UPD Это месть за убийство Сулеймани, сообщает иранское Press TV.","['Международные отношения', 'Политика', 'Происшествия']","['Международные отношения', 'Конфликты']"
117,2020-01-08 02:42:38,2020,1,8,⚡️Удар по американской базе в Ираке был нанесен с территории Ирана - ABC со ссылкой на американского чиновника,"['Международные отношения', 'Политика', 'Происшествия']","['Международные отношения', 'Конфликты']"
118,2020-01-08 02:47:15,2020,1,8,Иранские ракеты также нанесли удар по американским объектам в Эрбиле на севере Ирака - ABC,"['Международные отношения', 'Политика', 'Происшествия']","['Международные отношения', 'Конфликты']"
119,2020-01-08 02:47:28,2020,1,8,Трампу доложили об ударах по американским объектам в Ираке,"['Международные отношения', 'Политика']","['Международные отношения', 'Политика']"
120,2020-01-08 02:51:43,2020,1,8,Иранские СМИ публикуют видео ракетных ударов по американским объектам,"['Международные отношения', 'Происшествия']","['Международные отношения', 'Конфликты']"
121,2020-01-08 03:13:57,2020,1,8,"Иран запустил более дюжины баллистических ракет против баз США и коалиции в Ираке.

Ракеты были запущены из Ирана, их целью были как минимум две базы США: Эрбиль и Аль-Асад.

Пентагон работает над оценкой ущерба от ударов со стороны Ирана. Пока данных о пострадавших или разрушениях от иранских ракет на американской базе нет.","['Международные отношения', 'Политика', 'Происшествия']","['Международные отношения', 'Конфликты']"
122,2020-01-08 03:14:18,2020,1,8,"❗️Пентагон заявил, что  на атаку Ирана","['Международные отношения', 'Политика', 'Происшествия']","['Международные отношения', 'Конфликты']"
123,2020-01-08 03:22:36,2020,1,8,Удары по базам США наносились- Newsweek на Пентагон и иракских военных,"['Международные отношения', 'Политика', 'Происшествия']","['Международные отношения', 'Конфликты']"
124,2020-01-08 03:43:40,2020,1,8,"❗️Началась вторая волна ракетных ударов по американским базам в Ираке, сообщает иранское агентство Tasnim","['Международные отношения', 'Политика', 'Происшествия']","['Международные отношения', 'Конфликты']"
125,2020-01-08 03:44:12,2020,1,8,"После обстрела американской базы Эйн-аль-Асад есть пострадавшие ""на иракской стороне""","['Международные отношения', 'Политика', 'Происшествия']","['Международные отношения', 'Конфликты']"
126,2020-01-08 03:46:02,2020,1,8,"❗️Иранские военные самолеты подняты в воздух, барражируют над страной и в пограничной зоне - военный источник","['Международные отношения', 'Политика', 'Безопасность']","['Международные отношения', 'Безопасность']"
127,2020-01-08 03:54:15,2020,1,8,"❗️Белый дом ведет подготовку к возможному обращению Трампа к нации, сообщает CNN со ссылкой на два источника

UPD. Трамп лишь единожды ранее обращался к стране со своего официального рабочего места.
CNN сообщает, что окончательного решения об обращении Трампа не принято.","['Политика', 'Международные отношения']","['Политика', 'Внутренняя политика']"
128,2020-01-08 04:09:27,2020,1,8,"Военные США при ударе по базе Эйн-аль-Асад не пострадали, сообщает CNN со ссылкой на источники","['Международные отношения', 'Политика', 'Происшествия']","['Международные отношения', 'Конфликты']"
129,2020-01-08 04:12:41,2020,1,8,Нефть снова взлетает на скачке напряженности вокруг Ирана - WTI на 4%,"['Экономика', 'Международные отношения', 'Энергетика']","['Экономика', 'Энергетика']"
130,2020-01-08 04:19:45,2020,1,8,Верховный лидер Хаменеи прибыл в иранский военный штаб,"['Международные отношения', 'Политика', 'Безопасность']","['Международные отношения', 'Политика']"
131,2020-01-08 04:27:42,2020,1,8, ВВС и ПВО приведены в ,"['Международные отношения', 'Политика', 'Безопасность']","['Международные отношения', 'Безопасность']"
132,2020-01-08 04:39:59,2020,1,8,"США запретили американским авиакомпаниям полеты над Ираном, Ираком, Персидским и Оманским заливом","['Транспорт', 'Международные отношения', 'Безопасность']","['Транспорт', 'Авиация']"
133,2020-01-08 05:10:52,2020,1,8,"Иранские удары по американским базам в Ираке начались  – минута в минуту в то время, когда пять дней назад . Операция получила название ""мученик Сулеймани"".","['Международные отношения', 'Политика', 'Происшествия']","['Международные отношения', 'Конфликты']"
134,2020-01-08 05:15:12,2020,1,8,В иранском Кермане начались похороны генерала Сулеймани,"['Общество', 'Международные отношения']","['Общество', 'Религия']"
135,2020-01-08 05:30:40,2020,1,8,"Иран запустил по двум базам США в Ираке в два захода 15 баллистических ракет: 10 по ""Айн-аль-Асад"" и 1 по ""Эрбилю"", остальные 4 не достигли цели.","['Международные отношения', 'Политика', 'Происшествия']","['Международные отношения', 'Конфликты']"
136,2020-01-08 05:41:49,2020,1,8,"- Иран """" свой пропорциональный ответ на действия США, в рамках статьи устава ООН о ;

- удар был нанесен по базе, с которой была совершена атака против его граждан;

- Иран не ищет эскалации или войны, но будет защищаться от любой агрессии.

UPD Иран также направил в ООН письмо схожего содержания.","['Международные отношения', 'Политика', 'Происшествия']","['Международные отношения', 'Конфликты']"
137,2020-01-08 05:49:37,2020,1,8,", что после иранских ударов ""все в порядке"", утром (днем мск) обещает сделать заявление","['Политика', 'Международные отношения']","['Политика', 'Внутренняя политика']"
138,2020-01-08 06:32:05,2020,1,8,⚡️Украинский лайнер со 180 пассажирами рухнул у тегеранского аэропорта - агентство Tasnim,"['Происшествия', 'Международные отношения']","['Происшествия', 'Авиакатастрофы']"
139,2020-01-08 06:50:06,2020,1,8,"Очевидцы публикуют видео падения украинского лайнера под Тегераном.

По их словам, несущаяся к земле полыхающая точка - и есть Boeing 737.","['Происшествия', 'Международные отношения']","['Происшествия', 'Авиакатастрофы']"
140,2020-01-08 07:07:03,2020,1,8,": Украинский рейс PS752 вылетел из Тегерана в 5.42 мск утра, перестал передавать данные в 5.44","['Транспорт', 'Международные отношения']","['Транспорт', 'Авиация']"
141,2020-01-08 07:10:30,2020,1,8,"Киевский аэропорт пока не владеет информацией о возможном крушении украинского борта возле Тегерана, по-прежнему ожидает его к 8 утра","['Транспорт', 'Международные отношения']","['Транспорт', 'Авиация']"
142,2020-01-08 07:20:26,2020,1,8,❗️Представитель тегеранского аэропорта подтвердил РИА Новости крушение украинского лайнера,"['Происшествия', 'Международные отношения']","['Происшествия', 'Авиакатастрофы']"
143,2020-01-08 07:21:45,2020,1,8,"❗️На борту рухнувшего в Тегеране украинского лайнера находились 167 пассажиров, сообщил представитель аэропорта РИА Новости","['Происшествия', 'Международные отношения']","['Происшествия', 'Авиакатастрофы']"
144,2020-01-08 07:33:35,2020,1,8,"Красный полумесяц публикует украинского лайнера, видны только обугленные обломки","['Происшествия', 'Международные отношения']","['Происшествия', 'Авиакатастрофы']"
145,2020-01-08 07:41:33,2020,1,8,"❗️Шансов на то, что кто-то выжил в крушении украинского лайнера, почти нет - МЧС Ирана РИА Новости.

Российское посольство выясняет, были ли на борту россияне","['Происшествия', 'Международные отношения']","['Происшествия', 'Авиакатастрофы']"
146,2020-01-08 07:44:06,2020,1,8,"Обломки рухнувшего украинского лайнера , спасатели пытаются потушить их, сообщили нам в МЧС Ирана","['Происшествия', 'Международные отношения']","['Происшествия', 'Авиакатастрофы']"
147,2020-01-08 08:20:53,2020,1,8,"В киевском аэропорту ""Борисполь"", куда должен был прилететь разбившийся в Иране самолёт, пока ничто не указывает на трагедию. Официальными данными аэропорт пока не располагает.","['Транспорт', 'Региональные новости', 'Общество']","['Транспорт', 'Авиация']"
148,2020-01-08 08:26:36,2020,1,8,Пассажиры и экипаж самолета погибли в крушении неподалеку от аэропорта Тегерана - департамент консульской службы МИД Украины со ссылкой на предварительные данные авиакомпании.,"['Происшествия', 'Международные отношения', 'Общество']","['Происшествия', 'Авиакатастрофы']"
149,2020-01-08 08:29:48,2020,1,8,"Украинский пассажирский лайнер потерпел крушение после вылета из аэропорта Тегерана. : 

▪️На борту судна было 167 пассажиров; самолёт, вылетевший в 5.42 мск и пропавший с радаров в 5.44, должен был прилететь в Киев около восьми утра

▪️На место крушения были направлены автомобили скорой помощи, но, согласно информации МЧС Ирана, никто из находившихся на борту не выжил

▪️На фотографиях Красного Полумесяца с места крушения видны обломки самолета, обугленные фрагменты и люди, которые работают на месте катастрофы

▪️Обломки рухнувшего украинского лайнера продолжают гореть, спасатели пытаются потушить их

▪️Департамент консульской службы МИД Украины со ссылкой на предварительные данные Международных авиалиний Украины подтвердил крушение и гибель пассажиров и экипажа

▪️В посольстве Украины в Иране РИА Новости сообщили, что окончательных списков погибших пока нет, их устанавливают; российское посольство выясняет, были ли на борту россияне.","['Происшествия', 'Международные отношения']","['Происшествия', 'Авиакатастрофы']"
150,2020-01-08 08:36:26,2020,1,8,Иранские СМИ публикуют новые фото с места крушения украинского лайнера в районе Тегерана. Видны одни обломки.,"['Происшествия', 'Международные отношения']","['Происшествия', 'Авиакатастрофы']"
151,2020-01-08 08:38:35,2020,1,8,"На табло в киевском аэропорту, куда не долетел разбившийся в Иране украинский самолёт, появилась надпись ""рейс отменён"". По предварительным данным, все 167 пассажиров погибли.","['Транспорт', 'Международные отношения', 'Общество']","['Транспорт', 'Авиация']"
152,2020-01-08 08:43:05,2020,1,8,"Представитель аэропорта Тегерана сообщил, что на борту потерпевшего крушение украинского самолета было 167 пассажиров и 9 членов экипажа, все они погибли, сообщают иранские СМИ","['Происшествия', 'Международные отношения']","['Происшествия', 'Авиакатастрофы']"
153,2020-01-08 08:52:22,2020,1,8,"Президент Украины Зеленский выразил соболезнования близким погибших при крушении самолета под Тегераном. В катастрофе, по предварительным данным, погибли около 180 человек.","['Политика', 'Международные отношения']","['Политика', 'Внутренняя политика']"
154,2020-01-08 09:04:20,2020,1,8,"Глава управления ЧС Ирана сообщил РИА Новости, что большинство пассажиров потерпевшего крушение у Тегерана украинского самолета были гражданами Ирана","['Происшествия', 'Международные отношения']","['Происшествия', 'Авиакатастрофы']"
155,2020-01-08 09:07:16,2020,1,8,"❗️Глава управления ЧС Ирана сообщил РИА Новости, что ","['Происшествия', 'Международные отношения']","['Происшествия', 'Авиакатастрофы']"
156,2020-01-08 09:11:11,2020,1,8,Фото и видео РИА Новости с места крушения украинского самолета под Тегераном,"['Происшествия', 'Международные отношения']","['Происшествия', 'Авиакатастрофы']"
157,2020-01-08 09:17:23,2020,1,8,"❗️Посольство РФ в Иране установило, что на борту разбившегося в районе Тегерана самолета строителей АЭС ""Бушер"" не было – атташе","['Происшествия', 'Международные отношения', 'Общество']","['Происшествия', 'Авиакатастрофы']"
158,2020-01-08 09:22:05,2020,1,8,Зеленский из-за катастрофы украинского самолета в Тегеране срочно прервал поездку в Оман и возвращается в Киев,"['Политика', 'Международные отношения', 'Общество']","['Политика', 'Внутренняя политика']"
159,2020-01-08 09:38:14,2020,1,8,"В Киеве уточнили количество пассажиров разбившегося в Иране украинского самолёта. По данным СНБО, их было 168, а не 167.","['Происшествия', 'Международные отношения']","['Происшествия', 'Авиакатастрофы']"
160,2020-01-08 09:59:17,2020,1,8,"❗️Версия теракта на борту потерпевшего крушение самолета под Тегераном исключается, сообщило посольство Украины в Иране","['Происшествия', 'Международные отношения', 'Политика']","['Происшествия', 'Авиакатастрофы']"
161,2020-01-08 10:12:07,2020,1,8,"По предварительным данным, россиян среди пассажиров рухнувшего у Тегерана самолета нет, большинство жертв - иранцы, сообщил представитель управления авиации Ирана","['Происшествия', 'Международные отношения']","['Происшествия', 'Авиакатастрофы']"
162,2020-01-08 10:15:26,2020,1,8,"Серьезный пожар в Новосибирской области: в городе Искитим горит торговый комплекс ""Центральный"", огонь удалось локализовать на площади 3,5 тысячи квадратных метров. Информация о пострадавших не поступала. Видео и фото МЧС РФ.","['Происшествия', 'Региональные новости']","['Происшествия', 'Пожары']"
163,2020-01-08 10:29:50,2020,1,8,"Глава Управления ЧС Ирана заявил, что на борту рухнувшего в районе Тегерана украинского самолета было 179 пассажиров и членов экипажа, из них 147 иранцев и 32 иностранца, сообщают иранские СМИ","['Происшествия', 'Международные отношения']","['Происшествия', 'Авиакатастрофы']"
164,2020-01-08 10:52:08,2020,1,8,"Авиакомпания ""Международные авиалинии Украины"" привела данные по авиакатастрофе под Тегераном:

▪️Boeing 737 был произведён в 2016 году и был получен непосредственно с завода концерна; 

▪️Разбившийся украинский лайнер прошел техпроверку 6 января;

▪️Авиакомпания приняла решение приостановить выполнение рейсов в Тегеран на неопределенный срок.","['Транспорт', 'Международные отношения', 'Общество']","['Транспорт', 'Авиация']"
165,2020-01-08 10:54:50,2020,1,8,"По оперативной информации, на борту потерпевшего крушение у Тегерана Boeing 737 находились 11 граждан Украины: 9 членов экипажа и два пассажира, сообщили в СНБО Украины","['Общество', 'Международные отношения']","['Общество', 'Здравоохранение']"
166,2020-01-08 10:55:45,2020,1,8,"Неизвестный на микроавтобусе заехал в аэропорт в Одессе и заявил, что терминал заминирован, мужчину задержали, сообщил советник начальника областной полиции","['Происшествия', 'Региональные новости', 'Общество']","['Происшествия', 'Криминал']"
167,2020-01-08 11:25:33,2020,1,8,"Президент Украины поручил возбудить дело после катастрофы самолета МАУ в Тегеране, будет проведена проверка всего гражданского флота","['Политика', 'Международные отношения', 'Общество']","['Политика', 'Внутренняя политика']"
168,2020-01-08 11:30:03,2020,1,8,"Росавиация рекомендует авиакомпаниям РФ не использовать воздушное пространство Ирана, Ирака, Персидского и Оманского заливов из-за рисков для безопасности","['Транспорт', 'Международные отношения', 'Безопасность']","['Транспорт', 'Авиация']"
169,2020-01-08 12:23:35,2020,1,8,"Хлопок газовоздушной смеси произошел в жилом доме в Казахстане, один ребенок скончался, семь человек госпитализированы. Фото МВД Казахстана.","['Происшествия', 'Региональные новости']","['Происшествия', 'ЧП']"
170,2020-01-08 12:43:27,2020,1,8,Путин направил Зеленскому телеграмму с соболезнованиями в связи с крушением украинского пассажирского самолета под Тегераном - Кремль,"['Политика', 'Международные отношения', 'Общество']","['Политика', 'Внутренняя политика']"
171,2020-01-08 12:44:12,2020,1,8,Путин в телеграмме президенту Ирана выразил соболезнования после гибели граждан Ирана и ряда других стран при авиакатастрофе под Тегераном - Кремль,"['Политика', 'Международные отношения', 'Общество']","['Политика', 'Внутренняя политика']"
172,2020-01-08 12:49:15,2020,1,8, в зависимости от ответа: наши следующие меры будут пропорциональны их поведению,"['Международные отношения', 'Политика', 'Происшествия']","['Международные отношения', 'Конфликты']"
173,2020-01-08 13:06:28,2020,1,8,Посольство Украины в Иране убрало из сообщения об авиакатастрофе под Тегераном информацию об исключении версии теракта,"['Происшествия', 'Международные отношения', 'Политика']","['Происшествия', 'Авиакатастрофы']"
174,2020-01-08 13:26:24,2020,1,8,"Два человека не сели на лайнер Boeing 737-800, который разбился под Тегераном, они не граждане Украины - СНБО Украины","['Общество', 'Региональные новости']","['Общество', 'Происшествия']"
175,2020-01-08 14:06:40,2020,1,8,"Медведев поручил вице-премьеру Акимову, главам МИД, Минэкономразвития и Минтранса оценить безопасность полетов и туризма в районе Персидского и Оманского заливов после последних событий в регионе, сообщил его пресс-секретарь Олег Осипов.

Премьер поручил подготовить предложения по обеспечению безопасности россиян, учитывая разные сценарии развития ситуации на Ближнем Востоке.","['Экономика', 'Политика']","['Экономика', 'Госрегулирование']"
176,2020-01-08 14:17:50,2020,1,8,"Иранские СМИ опубликовали кадры запуска ракет по американским военным объектам в Ираке, а также видеозапись ударов по базе Эйн-аль-Асад.","['Международные отношения', 'Политика']","['Международные отношения', 'Военные учения']"
177,2020-01-08 15:25:53,2020,1,8,"Тринадцать студентов Технологического университета имени Шарифа в Иране погибли при крушении самолета Boeing 737 ""Международных авиалиний Украины"", сообщается на сайте  университета","['Общество', 'Международные отношения']","['Общество', 'Язык и нац.вопрос']"
178,2020-01-08 16:17:25,2020,1,8,"Путин и Эрдоган официально открыли газопровод ""Турецкий поток""","['Политика', 'Международные отношения', 'Общество']","['Политика', 'Внутренняя политика']"
179,2020-01-08 17:34:33,2020,1,8,"Россия и Турция призвали , заявил глава турецкого МИД","['Международные отношения', 'Политика']","['Международные отношения', 'Политика']"
180,2020-01-08 17:35:15,2020,1,8,Лавров: Путин и Эрдоган высказались за решение всех проблем в районе Персидского залива  на основе международного права,"['Международные отношения', 'Политика']","['Международные отношения', 'Политика']"
181,2020-01-08 18:32:27,2020,1,8,"- Иран -

Глубоко обеспокоены обострением. Убийство генерала Сулеймани подрывает стабильность в регионе. Обмен ударами не отвечает ничьим интересам. Выступили против иностранного вмешательства. Призвали проявить здравый смысл и отдавать приоритет дипломатии.

- Ливия -

Призвали прекратить бои с 00.00 воскресенья, 12 января, и немедленно сесть за стол переговоров.

Ливия должна остаться единой.

Решить конфликт можно только инклюзивным межливийским диалогом под эгидой ООН и на основании соглашения 2015 года (в его рамках было создано ливийское правительство нацсогласия, которое не справилось с объединением власти).","['Международные отношения', 'Политика']","['Международные отношения', 'Политика']"
182,2020-01-08 19:17:55,2020,1,8,"Глава осажденного в Триполи ливийского правительства Саррадж и осадивший столицу маршал Хафтар , а потом - как ожидается - оба отправятся в Брюссель","['Международные отношения', 'Политика']","['Международные отношения', 'Политика']"
183,2020-01-08 19:28:39,2020,1,8,"❗️Трамп: пока я президент США, Ирану никогда не будет позволено иметь ядерное оружие","['Политика', 'Международные отношения']","['Политика', 'Внутренняя политика']"
184,2020-01-08 19:30:36,2020,1,8,"Трамп: американцы при иранском ракетном ударе не пострадали, система раннего предупреждения сработала отлично, помогла предупредить об атаке","['Международные отношения', 'Безопасность', 'Общество']","['Международные отношения', 'Безопасность']"
185,2020-01-08 19:31:01,2020,1,8,"❗️Трамп: похоже, Иран отступил, это хорошо для всего мира","['Международные отношения', 'Политика']","['Международные отношения', 'Политика']"
186,2020-01-08 19:32:29,2020,1,8,❗️Трамп: США немедленно введут ,"['Экономика', 'Политика', 'Международные отношения']","['Экономика', 'Санкции']"
187,2020-01-08 19:35:24,2020,1,8,"Трамп: странами-гарантам пришло время признать, что пора работать над ","['Политика', 'Международные отношения', 'Экономика']","['Политика', 'Законодательство']"
188,2020-01-08 19:37:35,2020,1,8,"⚡️Трамп: США , экономический потенциал - лучший сдерживающий фактор против Ирана","['Политика', 'Законодательство', 'Общество']","['Политика', 'Законодательство']"
189,2020-01-08 22:11:40,2020,1,8,"Трамп - как и обещал в обращении к нации - заявил сейчас генсеку НАТО, что альянс может сделать больше для борьбы с терроризмом на Ближнем Востоке, тот согласился","['Политика', 'Международные отношения']","['Политика', 'Внутренняя политика']"
190,2020-01-08 22:13:02,2020,1,8,"Принц Гарри и Меган Маркл решили отказаться от звания высокопоставленных членов британской королевской семьи.

Они , попеременно в Британии и США. В отличие от остальных высокопоставленных членов семьи, расходы которых оплачиваются правительством и доходами от собственности.

Высокопоставленными членами семьи кроме самой королевы считаются только ее дети, принцы Уильям и Гарри и их жены.","['Международные отношения', 'Политика', 'Общество']","['Международные отношения', 'Политика']"
191,2020-01-08 23:49:47,2020,1,8,"Две ракеты упали в зелёной зоне в Багдаде, где расположены посольства и правительственные учреждения, сообщают местные телеканалы","['Международные отношения', 'Политика']","['Международные отношения', 'Политика']"
192,2020-01-09 00:26:25,2020,1,9,"Ожидания по  понижены на 0,2 пункта - до. Предполагается, что в 2021-2022 российская экономика будет расти на 1,8% ежегодно.

UPD Мировая экономика вырастет в 2020 году на 2,5%, при этом и в США, и в ЕС, и в Китае рост замедлится.","['Экономика', 'Происшествия', 'Общество']","['Экономика', 'Прогнозы']"
193,2020-01-09 02:15:36,2020,1,9,"Военное противостояние США и Ирана, ареной которого в последнюю неделю стал Ирак, пока сошло на нет, но большинство авиакомпаний по-прежнему предпочитают облетать иракское (и заодно иранское) небо стороной.

(справа) , до иранских обстрелов и гибели украинского лайнера в Тегеране.","['Международные отношения', 'Общество', 'Происшествия']","['Международные отношения', 'Происшествия']"
194,2020-01-09 05:48:11,2020,1,9,"Украина объявила сегодня  по жертвам крушения Boeing в Тегеране. Флаги приспущены, развлекательные мероприятия отменены.","['Общество', 'Международные отношения', 'Региональные новости']","['Общество', 'Траур']"
195,2020-01-09 07:43:45,2020,1,9,"США сообщили о готовности к переговорам с Ираном без предварительных условий для снижения напряженности в регионе.

Соответствующее письмо, по данным американских СМИ, направила в СБ ООН постпред США Крафт.","['Международные отношения', 'Политика']","['Международные отношения', 'Политика']"
196,2020-01-09 08:55:23,2020,1,9,"Зеленский обратился к народу Украины с видеообращением в связи с авиакатастрофой близ Тегерана, унесшей жизни почти 180 человек.
  
Он заявил, что намерен провести телефонный разговор с президентом Ирана, а также призвал международное сообщество, в частности Канаду, присоединиться к расследованию крушения Boeing. 

Президент Украины призвал воздержаться от спекуляций и дождаться предварительного отчёта комиссии по расследованию авиакатастрофы.","['Политика', 'Международные отношения', 'Общество']","['Политика', 'Внутренняя политика']"
197,2020-01-09 09:47:03,2020,1,9,"Иран предоставил Украине и США  ""Международных авиалиний Украины"" в Тегеране.

 Первоначальные данные свидетельствуют , при столкновении с землей произошел взрыв.

От пилотов не поступало какой-либо информации о внештатной ситуации.","['Международные отношения', 'Общество', 'Здравоохранение']","['Международные отношения', 'Здравоохранение']"
198,2020-01-09 10:00:19,2020,1,9,"Boeing, летевший из Москвы в Тель-Авив, вернулся в аэропорт Шереметьево из-за срабатывания датчика топлива, посадка прошла благополучно, сообщили экстренные службы","['Транспорт', 'Происшествия', 'Региональные новости']","['Транспорт', 'Авиация']"
199,2020-01-09 10:25:34,2020,1,9,"Цветы продолжают приносить в киевский аэропорт ""Борисполь"", чтобы почтить память погибших при крушении самолета ""Международных авиалиний Украины"" в Иране","['Общество', 'Региональные новости', 'Культура']","['Общество', 'Траур']"
200,2020-01-09 11:42:46,2020,1,9,"Кабмин внёс в Госдуму законопроект в интернете.
 
Кроме того, инициатива ужесточает  ответственность за пропаганду либо незаконную рекламу наркотиков в отношении иностранных граждан и лиц без гражданства.","['Законодательство', 'Политика', 'Экономика']","['Законодательство', 'Интернет']"
201,2020-01-09 12:01:23,2020,1,9,"❗️СНБО Украины назвал среди основных версий авиакатастрофы в Иране – поражение зенитной ракетой, взрыв в результате теракта, а также взрыв двигателя по техническим причинам.","['Политика', 'Законодательство']","['Политика', 'Внутренняя политика']"
202,2020-01-09 12:20:55,2020,1,9,"Экс-глава компании Nissan Карлос Гон, по информации источников, уже прибыл в здание суда в Бейруте на допрос. В здание он прошел не через центральный вход. Десятки журналистов караулят беглого предпринимателя в надежде задать ему вопросы. 
Ранее Гона, сбежавшего из Японии в Ливан, вызвали на допрос в связи с посещением Израиля.
Фото и видео корреспондента РИА Новости.","['Происшествия', 'Преступность', 'Международные отношения']","['Происшествия', 'Криминал']"
203,2020-01-09 13:45:59,2020,1,9,"Вот так протестующие штурмуют сейчас администрацию президента Абхазии. Дверь в здание выломана, выбито окно.","['Общество', 'Региональные новости', 'Политика']","['Общество', 'Акции протеста']"
204,2020-01-09 14:43:15,2020,1,9,"Путин с борта ракетного крейсера понаблюдал за ходом учений в Черном море.

В Черном море проходило совместное учение Черноморского и Северного флотов с выполнением ракетных стрельб, в том числе ","['Международные отношения', 'Политика', 'Безопасность']","['Международные отношения', 'Военные учения']"
205,2020-01-09 14:52:53,2020,1,9,"Посольство США в Багдаде может лишиться большой части своей территории. Группа местных юристов направила обращение генпрокурору с требованием изъять у дипмиссии участок площадью 16 гектаров. Документ есть в распоряжении РИА Новости. 

Истцы указывают, что на незаконно присвоенных землях возведены объекты непонятного предназначения. Посольство США в Багдаде считается крупнейшим зданием среди дипмиссий в мире по площади, его сравнивают с Ватиканом.","['Международные отношения', 'Политика', 'Безопасность']","['Международные отношения', 'Политика']"
206,2020-01-09 15:10:29,2020,1,9,"Ирак возобновил переговоры с РФ по приобретению копмлексов С-300 несколько месяцев назад, ждет противодействия США в этом вопросе, заявил РИА Новости глава комитета обороны и безопасности парламента Ирака Мухаммад Рида.

По его словам, это произошло после атак на базы шиитского ополчения «аль-Хашд аш-Шааби» в Багдаде и других провинциях.","['Международные отношения', 'Политика', 'Вооружение']","['Международные отношения', 'Вооружение']"
207,2020-01-09 16:26:51,2020,1,9,"Совбез Абхазии собирается для обсуждения беспорядков в центре Сухума, сообщил РИА Новости вице-спикер парламента республики","['Политика', 'Региональные новости', 'Общество']","['Политика', 'Внутренняя политика']"
208,2020-01-09 17:42:10,2020,1,9,"Президент Абхазии Рауль Хаджимба в связи с акцией протеста оппозиции, требующей отставки главы республики, заявил, что силовые структуры уже переведены на усиленный режим несения службы. А в случае необходимости он примет меры по введению в Абхазии чрезвычайного положения.

Хаджимба добавил, что дал необходимые поручения, чтобы не допустить развития ситуации вне правового поля. Он также призвал граждан к спокойствию и не поддаваться на провокации оппозиции.","['Политика', 'Региональные новости', 'Общество']","['Политика', 'Внутренняя политика']"
209,2020-01-09 17:46:32,2020,1,9,"В экстренных службах сообщили РИА Новости о пожаре на НПЗ ""ЛУКОЙЛ-Ухтанефтепереработка"" в Ухте, его площадь 200 ""квадратов"".

Пожару присвоен второй ранг сложности.","['Происшествия', 'Региональные новости', 'Общество']","['Происшествия', 'Пожары']"
210,2020-01-09 19:28:16,2020,1,9,"Оппозиция заблокировала здание администрации президента Абхазии и парламента. 

Как передает корреспондент РИА Новости, более 200 представителей оппозиции находятся в здании, внутрь они никого не пускают. Оппозиционеры продолжают требовать отставки действующего президента Рауля Хаджимбы.","['Общество', 'Региональные новости', 'Политика']","['Общество', 'Акции протеста']"
211,2020-01-09 20:30:07,2020,1,9,"Росавиация предупредила авиакомпании об угрозе безопасности полетов на Ближний Восток из-за боевых действий и сложной обстановки в регионе после крушения украинского самолета в Иране.

Авиакомпаниям рекомендовано принять дополнительные меры безопасности при полетах на Ближний Восток.","['Транспорт', 'Международные отношения', 'Безопасность']","['Транспорт', 'Авиация']"
212,2020-01-09 21:00:04,2020,1,9,", сообщает российский центр по примирению враждующих сторон","['Международные отношения', 'Политика', 'Безопасность']","['Международные отношения', 'Безопасность']"
213,2020-01-09 21:01:54,2020,1,9,"Трамп считает, что крушение украинского самолета в Иране произошло из-за того, что ""кто-то мог допустить ошибку"". По его мнению, технические неполадки вряд ли явились причиной катастрофы.","['Международные отношения', 'Политика', 'Происшествия']","['Международные отношения', 'Политика']"
214,2020-01-09 21:34:35,2020,1,9,Парламент Абхазии проголосовал за отставку президента Хаджимбы,"['Политика', 'Региональные новости']","['Политика', 'Внутренняя политика']"
215,2020-01-10 00:06:46,2020,1,10,❗️Правительство Ирана просит компанию Boeing прислать своего представителя для расследования крушения украинского самолета под Тегераном,"['Международные отношения', 'Политика', 'Общество']","['Международные отношения', 'Политика']"
216,2020-01-10 00:51:30,2020,1,10,"Международная организация гражданской авиации (ИКАО) получила от Ирана предварительный отчет о крушении украинского самолета. В ведомстве не привели никаких дополнительных данных о катастрофе, но призвали не спекулировать относительно возможных причин этого происшествия до завершения расследования.","['Международные отношения', 'Политика', 'Общество']","['Международные отношения', 'Политика']"
217,2020-01-10 07:41:00,2020,1,10,"Россия готова обсудить с США кризис в отношениях с Ираном, если будет интерес со стороны Вашингтона, заявил РИА Новости замглавы МИД Рябков","['Международные отношения', 'Политика']","['Международные отношения', 'Политика']"
218,2020-01-10 08:00:05,2020,1,10,"Представители более ста общественных организаций Южной Кореи вышли на . 

Активисты развернули баннеры и плакаты с надписями «нет войне США с Ираном», «Южная Корея не должна участвовать в военных действиях США». Они также держали таблички с перечислением всех вооруженных конфликтов с участием США и количеством жертв в них.

Фото и видео корреспондента РИА Новости","['Общество', 'Международные отношения', 'Политика']","['Общество', 'Акции протеста']"
219,2020-01-10 09:21:55,2020,1,10,"Вертолет Ми-8 ""Красавиа"" совершил экстренную посадку в Красноярском крае, предварительно никто из 17 находившихся на борту человек не пострадал, сообщил РИА Новости представитель экстренных служб","['Происшествия', 'Транспорт', 'Региональные новости']","['Происшествия', 'ЧП']"
220,2020-01-10 09:32:03,2020,1,10,"Европейская федерация журналистов (EFJ) направила на специализированную информационную платформу Совета Европы уведомление о нарушении прав журналистов агентства Sputnik Эстония, сообщил РИА Новости генсек ассоциации Рикарду Гутьерреш.

""От имени Европейской ассоциации журналистов я внес уведомление об этих угрозах со стороны эстонской полиции на платформу Совета Европы по защите журналистики"", - сказал он.","['Общество', 'Международные отношения', 'Свобода слова']","['Общество', 'Свобода слова']"
221,2020-01-10 11:16:06,2020,1,10,"Трамп передал советнику по безопасности президента Южной Кореи письмо для Ким Чен Ына. В нем, как пишут южнокорейские сми, содержатся поздравления лидера КНДР с Днем рождения","['Международные отношения', 'Политика']","['Международные отношения', 'Политика']"
222,2020-01-10 11:23:08,2020,1,10,"В посольстве Ирана в Москве открыли книги соболезнований в связи с гибелью иранского генерала Касема Сулеймани и в память о погибших при крушении украинского Boeing под Тегераном.

Свои записи в книгах оставили, в том числе, заместитель директора Второго департамента Азии МИД РФ Максим Баранов и посол Сирии в РФ Рияд Хаддад.

Фото корреспондента РИА Новости.","['Международные отношения', 'Религия', 'Общество']","['Международные отношения', 'Религия']"
223,2020-01-10 11:54:40,2020,1,10,"Генсек ОБСЕ Томас Гремингер в связи с ситуацией со Sputnik Эстония напомнил, что обязательства по обеспечению свободы СМИ закреплены в Хельсинском акте.
""Обязательства по обеспечению свободы СМИ и свободного распространения информации закреплены в Хельсинском заключительном акте"", - отметил генсек ОБСЕ в своем ответе на обращение главного редактора МИА ""Россия сегодня"" Маргариты Симоньян, направленное в связи с ситуацией со Sputnik Эстония.","['Международные отношения', 'Общество', 'Свобода слова']","['Международные отношения', 'Свобода слова']"
